algo,reward_gain,standardized_reward_gain,success_gain,collision_delta,training_time_ratio,timesteps_delta
DQN,6.747910737991333,1.9999999940722393,0.0,-1.1102230246251565e-16,0.8741716437170715,-5000.0
PPO,30.98643072446187,1.9999999987091122,0.15000000000000024,-0.15000000000000002,0.710858432733697,-20000.0
SimpleDQN,3.70296311378479,1.9999999891978402,-0.11666666666666653,0.11666666666666664,1.1293875961463289,0.0
